CBA_PERIOD,MAX_PERCENTAGE_OF_CAP,YEAR,MAXIMUM_CONTRACT_SALARY,SEASON,YEARS_OF_SERVICE
2005_2010_2005_cba,0.25,2010,13603750,2010-11,0
2005_2010_2005_cba,0.25,2010,13603750,2010-11,1
2005_2010_2005_cba,0.25,2010,13603750,2010-11,2
2005_2010_2005_cba,0.25,2010,13603750,2010-11,3
2005_2010_2005_cba,0.25,2010,13603750,2010-11,4
2005_2010_2005_cba,0.25,2010,13603750,2010-11,5
2005_2010_2005_cba,0.25,2010,13603750,2010-11,6
2005_2010_2005_cba,0.3,2010,16324500,2010-11,7
2005_2010_2005_cba,0.3,2010,16324500,2010-11,8
2005_2010_2005_cba,0.3,2010,16324500,2010-11,9
2005_2010_2005_cba,0.35,2010,19045250,2010-11,10
2005_2010_2005_cba,0.35,2010,19045250,2010-11,11
2005_2010_2005_cba,0.35,2010,19045250,2010-11,12
2005_2010_2005_cba,0.35,2010,19045250,2010-11,13
2005_2010_2005_cba,0.35,2010,19045250,2010-11,14
2005_2010_2005_cba,0.35,2010,19045250,2010-11,15
2005_2010_2005_cba,0.35,2010,19045250,2010-11,16
2005_2010_2005_cba,0.35,2010,19045250,2010-11,17
2005_2010_2005_cba,0.35,2010,19045250,2010-11,18
2005_2010_2005_cba,0.35,2010,19045250,2010-11,19
2005_2010_2005_cba,0.35,2010,19045250,2010-11,20
2005_2010_2005_cba,0.35,2010,19045250,2010-11,21
2005_2010_2005_cba,0.35,2010,19045250,2010-11,22
2005_2010_2005_cba,0.35,2010,19045250,2010-11,23
2005_2010_2005_cba,0.35,2010,19045250,2010-11,24
2005_2010_2005_cba,0.35,2010,19045250,2010-11,25
2011_2016_2011_cba,0.25,2011,12922194,2011-12,0
2011_2016_2011_cba,0.25,2011,12922194,2011-12,1
2011_2016_2011_cba,0.25,2011,12922194,2011-12,2
2011_2016_2011_cba,0.25,2011,12922194,2011-12,3
2011_2016_2011_cba,0.25,2011,12922194,2011-12,4
2011_2016_2011_cba,0.25,2011,12922194,2011-12,5
2011_2016_2011_cba,0.25,2011,12922194,2011-12,6
2011_2016_2011_cba,0.3,2011,15506632,2011-12,7
2011_2016_2011_cba,0.3,2011,15506632,2011-12,8
2011_2016_2011_cba,0.3,2011,15506632,2011-12,9
2011_2016_2011_cba,0.35,2011,18091071,2011-12,10
2011_2016_2011_cba,0.35,2011,18091071,2011-12,11
2011_2016_2011_cba,0.35,2011,18091071,2011-12,12
2011_2016_2011_cba,0.35,2011,18091071,2011-12,13
2011_2016_2011_cba,0.35,2011,18091071,2011-12,14
2011_2016_2011_cba,0.35,2011,18091071,2011-12,15
2011_2016_2011_cba,0.35,2011,18091071,2011-12,16
2011_2016_2011_cba,0.35,2011,18091071,2011-12,17
2011_2016_2011_cba,0.35,2011,18091071,2011-12,18
2011_2016_2011_cba,0.35,2011,18091071,2011-12,19
2011_2016_2011_cba,0.35,2011,18091071,2011-12,20
2011_2016_2011_cba,0.35,2011,18091071,2011-12,21
2011_2016_2011_cba,0.35,2011,18091071,2011-12,22
2011_2016_2011_cba,0.35,2011,18091071,2011-12,23
2011_2016_2011_cba,0.35,2011,18091071,2011-12,24
2011_2016_2011_cba,0.35,2011,18091071,2011-12,25
2011_2016_2011_cba,0.25,2012,13668750,2012-13,0
2011_2016_2011_cba,0.25,2012,13668750,2012-13,1
2011_2016_2011_cba,0.25,2012,13668750,2012-13,2
2011_2016_2011_cba,0.25,2012,13668750,2012-13,3
2011_2016_2011_cba,0.25,2012,13668750,2012-13,4
2011_2016_2011_cba,0.25,2012,13668750,2012-13,5
2011_2016_2011_cba,0.25,2012,13668750,2012-13,6
2011_2016_2011_cba,0.3,2012,16402500,2012-13,7
2011_2016_2011_cba,0.3,2012,16402500,2012-13,8
2011_2016_2011_cba,0.3,2012,16402500,2012-13,9
2011_2016_2011_cba,0.35,2012,19136250,2012-13,10
2011_2016_2011_cba,0.35,2012,19136250,2012-13,11
2011_2016_2011_cba,0.35,2012,19136250,2012-13,12
2011_2016_2011_cba,0.35,2012,19136250,2012-13,13
2011_2016_2011_cba,0.35,2012,19136250,2012-13,14
2011_2016_2011_cba,0.35,2012,19136250,2012-13,15
2011_2016_2011_cba,0.35,2012,19136250,2012-13,16
2011_2016_2011_cba,0.35,2012,19136250,2012-13,17
2011_2016_2011_cba,0.35,2012,19136250,2012-13,18
2011_2016_2011_cba,0.35,2012,19136250,2012-13,19
2011_2016_2011_cba,0.35,2012,19136250,2012-13,20
2011_2016_2011_cba,0.35,2012,19136250,2012-13,21
2011_2016_2011_cba,0.35,2012,19136250,2012-13,22
2011_2016_2011_cba,0.35,2012,19136250,2012-13,23
2011_2016_2011_cba,0.35,2012,19136250,2012-13,24
2011_2016_2011_cba,0.35,2012,19136250,2012-13,25
2011_2016_2011_cba,0.25,2013,13701250,2013-14,0
2011_2016_2011_cba,0.25,2013,13701250,2013-14,1
2011_2016_2011_cba,0.25,2013,13701250,2013-14,2
2011_2016_2011_cba,0.25,2013,13701250,2013-14,3
2011_2016_2011_cba,0.25,2013,13701250,2013-14,4
2011_2016_2011_cba,0.25,2013,13701250,2013-14,5
2011_2016_2011_cba,0.25,2013,13701250,2013-14,6
2011_2016_2011_cba,0.3,2013,16441500,2013-14,7
2011_2016_2011_cba,0.3,2013,16441500,2013-14,8
2011_2016_2011_cba,0.3,2013,16441500,2013-14,9
2011_2016_2011_cba,0.35,2013,19181750,2013-14,10
2011_2016_2011_cba,0.35,2013,19181750,2013-14,11
2011_2016_2011_cba,0.35,2013,19181750,2013-14,12
2011_2016_2011_cba,0.35,2013,19181750,2013-14,13
2011_2016_2011_cba,0.35,2013,19181750,2013-14,14
2011_2016_2011_cba,0.35,2013,19181750,2013-14,15
2011_2016_2011_cba,0.35,2013,19181750,2013-14,16
2011_2016_2011_cba,0.35,2013,19181750,2013-14,17
2011_2016_2011_cba,0.35,2013,19181750,2013-14,18
2011_2016_2011_cba,0.35,2013,19181750,2013-14,19
2011_2016_2011_cba,0.35,2013,19181750,2013-14,20
2011_2016_2011_cba,0.35,2013,19181750,2013-14,21
2011_2016_2011_cba,0.35,2013,19181750,2013-14,22
2011_2016_2011_cba,0.35,2013,19181750,2013-14,23
2011_2016_2011_cba,0.35,2013,19181750,2013-14,24
2011_2016_2011_cba,0.35,2013,19181750,2013-14,25
2011_2016_2011_cba,0.25,2014,14746000,2014-15,0
2011_2016_2011_cba,0.25,2014,14746000,2014-15,1
2011_2016_2011_cba,0.25,2014,14746000,2014-15,2
2011_2016_2011_cba,0.25,2014,14746000,2014-15,3
2011_2016_2011_cba,0.25,2014,14746000,2014-15,4
2011_2016_2011_cba,0.25,2014,14746000,2014-15,5
2011_2016_2011_cba,0.25,2014,14746000,2014-15,6
2011_2016_2011_cba,0.3,2014,17695200,2014-15,7
2011_2016_2011_cba,0.3,2014,17695200,2014-15,8
2011_2016_2011_cba,0.3,2014,17695200,2014-15,9
2011_2016_2011_cba,0.35,2014,20644400,2014-15,10
2011_2016_2011_cba,0.35,2014,20644400,2014-15,11
2011_2016_2011_cba,0.35,2014,20644400,2014-15,12
2011_2016_2011_cba,0.35,2014,20644400,2014-15,13
2011_2016_2011_cba,0.35,2014,20644400,2014-15,14
2011_2016_2011_cba,0.35,2014,20644400,2014-15,15
2011_2016_2011_cba,0.35,2014,20644400,2014-15,16
2011_2016_2011_cba,0.35,2014,20644400,2014-15,17
2011_2016_2011_cba,0.35,2014,20644400,2014-15,18
2011_2016_2011_cba,0.35,2014,20644400,2014-15,19
2011_2016_2011_cba,0.35,2014,20644400,2014-15,20
2011_2016_2011_cba,0.35,2014,20644400,2014-15,21
2011_2016_2011_cba,0.35,2014,20644400,2014-15,22
2011_2016_2011_cba,0.35,2014,20644400,2014-15,23
2011_2016_2011_cba,0.35,2014,20644400,2014-15,24
2011_2016_2011_cba,0.35,2014,20644400,2014-15,25
2011_2016_2011_cba,0.25,2015,16407500,2015-16,0
2011_2016_2011_cba,0.25,2015,16407500,2015-16,1
2011_2016_2011_cba,0.25,2015,16407500,2015-16,2
2011_2016_2011_cba,0.25,2015,16407500,2015-16,3
2011_2016_2011_cba,0.25,2015,16407500,2015-16,4
2011_2016_2011_cba,0.25,2015,16407500,2015-16,5
2011_2016_2011_cba,0.25,2015,16407500,2015-16,6
2011_2016_2011_cba,0.3,2015,19689000,2015-16,7
2011_2016_2011_cba,0.3,2015,19689000,2015-16,8
2011_2016_2011_cba,0.3,2015,19689000,2015-16,9
2011_2016_2011_cba,0.35,2015,22970500,2015-16,10
2011_2016_2011_cba,0.35,2015,22970500,2015-16,11
2011_2016_2011_cba,0.35,2015,22970500,2015-16,12
2011_2016_2011_cba,0.35,2015,22970500,2015-16,13
2011_2016_2011_cba,0.35,2015,22970500,2015-16,14
2011_2016_2011_cba,0.35,2015,22970500,2015-16,15
2011_2016_2011_cba,0.35,2015,22970500,2015-16,16
2011_2016_2011_cba,0.35,2015,22970500,2015-16,17
2011_2016_2011_cba,0.35,2015,22970500,2015-16,18
2011_2016_2011_cba,0.35,2015,22970500,2015-16,19
2011_2016_2011_cba,0.35,2015,22970500,2015-16,20
2011_2016_2011_cba,0.35,2015,22970500,2015-16,21
2011_2016_2011_cba,0.35,2015,22970500,2015-16,22
2011_2016_2011_cba,0.35,2015,22970500,2015-16,23
2011_2016_2011_cba,0.35,2015,22970500,2015-16,24
2011_2016_2011_cba,0.35,2015,22970500,2015-16,25
2011_2016_2011_cba,0.25,2016,22116750,2016-17,0
2011_2016_2011_cba,0.25,2016,22116750,2016-17,1
2011_2016_2011_cba,0.25,2016,22116750,2016-17,2
2011_2016_2011_cba,0.25,2016,22116750,2016-17,3
2011_2016_2011_cba,0.25,2016,22116750,2016-17,4
2011_2016_2011_cba,0.25,2016,22116750,2016-17,5
2011_2016_2011_cba,0.25,2016,22116750,2016-17,6
2011_2016_2011_cba,0.3,2016,26540100,2016-17,7
2011_2016_2011_cba,0.3,2016,26540100,2016-17,8
2011_2016_2011_cba,0.3,2016,26540100,2016-17,9
2011_2016_2011_cba,0.35,2016,30963450,2016-17,10
2011_2016_2011_cba,0.35,2016,30963450,2016-17,11
2011_2016_2011_cba,0.35,2016,30963450,2016-17,12
2011_2016_2011_cba,0.35,2016,30963450,2016-17,13
2011_2016_2011_cba,0.35,2016,30963450,2016-17,14
2011_2016_2011_cba,0.35,2016,30963450,2016-17,15
2011_2016_2011_cba,0.35,2016,30963450,2016-17,16
2011_2016_2011_cba,0.35,2016,30963450,2016-17,17
2011_2016_2011_cba,0.35,2016,30963450,2016-17,18
2011_2016_2011_cba,0.35,2016,30963450,2016-17,19
2011_2016_2011_cba,0.35,2016,30963450,2016-17,20
2011_2016_2011_cba,0.35,2016,30963450,2016-17,21
2011_2016_2011_cba,0.35,2016,30963450,2016-17,22
2011_2016_2011_cba,0.35,2016,30963450,2016-17,23
2011_2016_2011_cba,0.35,2016,30963450,2016-17,24
2011_2016_2011_cba,0.35,2016,30963450,2016-17,25
2017_2022_2017_cba,0.25,2017,24773250,2017-18,0
2017_2022_2017_cba,0.25,2017,24773250,2017-18,1
2017_2022_2017_cba,0.25,2017,24773250,2017-18,2
2017_2022_2017_cba,0.25,2017,24773250,2017-18,3
2017_2022_2017_cba,0.25,2017,24773250,2017-18,4
2017_2022_2017_cba,0.25,2017,24773250,2017-18,5
2017_2022_2017_cba,0.25,2017,24773250,2017-18,6
2017_2022_2017_cba,0.3,2017,29727900,2017-18,7
2017_2022_2017_cba,0.3,2017,29727900,2017-18,8
2017_2022_2017_cba,0.3,2017,29727900,2017-18,9
2017_2022_2017_cba,0.35,2017,34682550,2017-18,10
2017_2022_2017_cba,0.35,2017,34682550,2017-18,11
2017_2022_2017_cba,0.35,2017,34682550,2017-18,12
2017_2022_2017_cba,0.35,2017,34682550,2017-18,13
2017_2022_2017_cba,0.35,2017,34682550,2017-18,14
2017_2022_2017_cba,0.35,2017,34682550,2017-18,15
2017_2022_2017_cba,0.35,2017,34682550,2017-18,16
2017_2022_2017_cba,0.35,2017,34682550,2017-18,17
2017_2022_2017_cba,0.35,2017,34682550,2017-18,18
2017_2022_2017_cba,0.35,2017,34682550,2017-18,19
2017_2022_2017_cba,0.35,2017,34682550,2017-18,20
2017_2022_2017_cba,0.35,2017,34682550,2017-18,21
2017_2022_2017_cba,0.35,2017,34682550,2017-18,22
2017_2022_2017_cba,0.35,2017,34682550,2017-18,23
2017_2022_2017_cba,0.35,2017,34682550,2017-18,24
2017_2022_2017_cba,0.35,2017,34682550,2017-18,25
2017_2022_2017_cba,0.25,2018,25467250,2018-19,0
2017_2022_2017_cba,0.25,2018,25467250,2018-19,1
2017_2022_2017_cba,0.25,2018,25467250,2018-19,2
2017_2022_2017_cba,0.25,2018,25467250,2018-19,3
2017_2022_2017_cba,0.25,2018,25467250,2018-19,4
2017_2022_2017_cba,0.25,2018,25467250,2018-19,5
2017_2022_2017_cba,0.25,2018,25467250,2018-19,6
2017_2022_2017_cba,0.3,2018,30560700,2018-19,7
2017_2022_2017_cba,0.3,2018,30560700,2018-19,8
2017_2022_2017_cba,0.3,2018,30560700,2018-19,9
2017_2022_2017_cba,0.35,2018,35654150,2018-19,10
2017_2022_2017_cba,0.35,2018,35654150,2018-19,11
2017_2022_2017_cba,0.35,2018,35654150,2018-19,12
2017_2022_2017_cba,0.35,2018,35654150,2018-19,13
2017_2022_2017_cba,0.35,2018,35654150,2018-19,14
2017_2022_2017_cba,0.35,2018,35654150,2018-19,15
2017_2022_2017_cba,0.35,2018,35654150,2018-19,16
2017_2022_2017_cba,0.35,2018,35654150,2018-19,17
2017_2022_2017_cba,0.35,2018,35654150,2018-19,18
2017_2022_2017_cba,0.35,2018,35654150,2018-19,19
2017_2022_2017_cba,0.35,2018,35654150,2018-19,20
2017_2022_2017_cba,0.35,2018,35654150,2018-19,21
2017_2022_2017_cba,0.35,2018,35654150,2018-19,22
2017_2022_2017_cba,0.35,2018,35654150,2018-19,23
2017_2022_2017_cba,0.35,2018,35654150,2018-19,24
2017_2022_2017_cba,0.35,2018,35654150,2018-19,25
2017_2022_2017_cba,0.25,2019,27285000,2019-20,0
2017_2022_2017_cba,0.25,2019,27285000,2019-20,1
2017_2022_2017_cba,0.25,2019,27285000,2019-20,2
2017_2022_2017_cba,0.25,2019,27285000,2019-20,3
2017_2022_2017_cba,0.25,2019,27285000,2019-20,4
2017_2022_2017_cba,0.25,2019,27285000,2019-20,5
2017_2022_2017_cba,0.25,2019,27285000,2019-20,6
2017_2022_2017_cba,0.3,2019,32742000,2019-20,7
2017_2022_2017_cba,0.3,2019,32742000,2019-20,8
2017_2022_2017_cba,0.3,2019,32742000,2019-20,9
2017_2022_2017_cba,0.35,2019,38199000,2019-20,10
2017_2022_2017_cba,0.35,2019,38199000,2019-20,11
2017_2022_2017_cba,0.35,2019,38199000,2019-20,12
2017_2022_2017_cba,0.35,2019,38199000,2019-20,13
2017_2022_2017_cba,0.35,2019,38199000,2019-20,14
2017_2022_2017_cba,0.35,2019,38199000,2019-20,15
2017_2022_2017_cba,0.35,2019,38199000,2019-20,16
2017_2022_2017_cba,0.35,2019,38199000,2019-20,17
2017_2022_2017_cba,0.35,2019,38199000,2019-20,18
2017_2022_2017_cba,0.35,2019,38199000,2019-20,19
2017_2022_2017_cba,0.35,2019,38199000,2019-20,20
2017_2022_2017_cba,0.35,2019,38199000,2019-20,21
2017_2022_2017_cba,0.35,2019,38199000,2019-20,22
2017_2022_2017_cba,0.35,2019,38199000,2019-20,23
2017_2022_2017_cba,0.35,2019,38199000,2019-20,24
2017_2022_2017_cba,0.35,2019,38199000,2019-20,25
2017_2022_2017_cba,0.25,2020,27285000,2020-21,0
2017_2022_2017_cba,0.25,2020,27285000,2020-21,1
2017_2022_2017_cba,0.25,2020,27285000,2020-21,2
2017_2022_2017_cba,0.25,2020,27285000,2020-21,3
2017_2022_2017_cba,0.25,2020,27285000,2020-21,4
2017_2022_2017_cba,0.25,2020,27285000,2020-21,5
2017_2022_2017_cba,0.25,2020,27285000,2020-21,6
2017_2022_2017_cba,0.3,2020,32742000,2020-21,7
2017_2022_2017_cba,0.3,2020,32742000,2020-21,8
2017_2022_2017_cba,0.3,2020,32742000,2020-21,9
2017_2022_2017_cba,0.35,2020,38199000,2020-21,10
2017_2022_2017_cba,0.35,2020,38199000,2020-21,11
2017_2022_2017_cba,0.35,2020,38199000,2020-21,12
2017_2022_2017_cba,0.35,2020,38199000,2020-21,13
2017_2022_2017_cba,0.35,2020,38199000,2020-21,14
2017_2022_2017_cba,0.35,2020,38199000,2020-21,15
2017_2022_2017_cba,0.35,2020,38199000,2020-21,16
2017_2022_2017_cba,0.35,2020,38199000,2020-21,17
2017_2022_2017_cba,0.35,2020,38199000,2020-21,18
2017_2022_2017_cba,0.35,2020,38199000,2020-21,19
2017_2022_2017_cba,0.35,2020,38199000,2020-21,20
2017_2022_2017_cba,0.35,2020,38199000,2020-21,21
2017_2022_2017_cba,0.35,2020,38199000,2020-21,22
2017_2022_2017_cba,0.35,2020,38199000,2020-21,23
2017_2022_2017_cba,0.35,2020,38199000,2020-21,24
2017_2022_2017_cba,0.35,2020,38199000,2020-21,25
2017_2022_2017_cba,0.25,2021,28103550,2021-22,0
2017_2022_2017_cba,0.25,2021,28103550,2021-22,1
2017_2022_2017_cba,0.25,2021,28103550,2021-22,2
2017_2022_2017_cba,0.25,2021,28103550,2021-22,3
2017_2022_2017_cba,0.25,2021,28103550,2021-22,4
2017_2022_2017_cba,0.25,2021,28103550,2021-22,5
2017_2022_2017_cba,0.25,2021,28103550,2021-22,6
2017_2022_2017_cba,0.3,2021,33724260,2021-22,7
2017_2022_2017_cba,0.3,2021,33724260,2021-22,8
2017_2022_2017_cba,0.3,2021,33724260,2021-22,9
2017_2022_2017_cba,0.35,2021,39344970,2021-22,10
2017_2022_2017_cba,0.35,2021,39344970,2021-22,11
2017_2022_2017_cba,0.35,2021,39344970,2021-22,12
2017_2022_2017_cba,0.35,2021,39344970,2021-22,13
2017_2022_2017_cba,0.35,2021,39344970,2021-22,14
2017_2022_2017_cba,0.35,2021,39344970,2021-22,15
2017_2022_2017_cba,0.35,2021,39344970,2021-22,16
2017_2022_2017_cba,0.35,2021,39344970,2021-22,17
2017_2022_2017_cba,0.35,2021,39344970,2021-22,18
2017_2022_2017_cba,0.35,2021,39344970,2021-22,19
2017_2022_2017_cba,0.35,2021,39344970,2021-22,20
2017_2022_2017_cba,0.35,2021,39344970,2021-22,21
2017_2022_2017_cba,0.35,2021,39344970,2021-22,22
2017_2022_2017_cba,0.35,2021,39344970,2021-22,23
2017_2022_2017_cba,0.35,2021,39344970,2021-22,24
2017_2022_2017_cba,0.35,2021,39344970,2021-22,25
2017_2022_2017_cba,0.25,2022,30913750,2022-23,0
2017_2022_2017_cba,0.25,2022,30913750,2022-23,1
2017_2022_2017_cba,0.25,2022,30913750,2022-23,2
2017_2022_2017_cba,0.25,2022,30913750,2022-23,3
2017_2022_2017_cba,0.25,2022,30913750,2022-23,4
2017_2022_2017_cba,0.25,2022,30913750,2022-23,5
2017_2022_2017_cba,0.25,2022,30913750,2022-23,6
2017_2022_2017_cba,0.3,2022,37096500,2022-23,7
2017_2022_2017_cba,0.3,2022,37096500,2022-23,8
2017_2022_2017_cba,0.3,2022,37096500,2022-23,9
2017_2022_2017_cba,0.35,2022,43279250,2022-23,10
2017_2022_2017_cba,0.35,2022,43279250,2022-23,11
2017_2022_2017_cba,0.35,2022,43279250,2022-23,12
2017_2022_2017_cba,0.35,2022,43279250,2022-23,13
2017_2022_2017_cba,0.35,2022,43279250,2022-23,14
2017_2022_2017_cba,0.35,2022,43279250,2022-23,15
2017_2022_2017_cba,0.35,2022,43279250,2022-23,16
2017_2022_2017_cba,0.35,2022,43279250,2022-23,17
2017_2022_2017_cba,0.35,2022,43279250,2022-23,18
2017_2022_2017_cba,0.35,2022,43279250,2022-23,19
2017_2022_2017_cba,0.35,2022,43279250,2022-23,20
2017_2022_2017_cba,0.35,2022,43279250,2022-23,21
2017_2022_2017_cba,0.35,2022,43279250,2022-23,22
2017_2022_2017_cba,0.35,2022,43279250,2022-23,23
2017_2022_2017_cba,0.35,2022,43279250,2022-23,24
2017_2022_2017_cba,0.35,2022,43279250,2022-23,25
2023_2030_2023_cba,0.25,2023,34005250,2023-24,0
2023_2030_2023_cba,0.25,2023,34005250,2023-24,1
2023_2030_2023_cba,0.25,2023,34005250,2023-24,2
2023_2030_2023_cba,0.25,2023,34005250,2023-24,3
2023_2030_2023_cba,0.25,2023,34005250,2023-24,4
2023_2030_2023_cba,0.25,2023,34005250,2023-24,5
2023_2030_2023_cba,0.25,2023,34005250,2023-24,6
2023_2030_2023_cba,0.3,2023,40806300,2023-24,7
2023_2030_2023_cba,0.3,2023,40806300,2023-24,8
2023_2030_2023_cba,0.3,2023,40806300,2023-24,9
2023_2030_2023_cba,0.35,2023,47607350,2023-24,10
2023_2030_2023_cba,0.35,2023,47607350,2023-24,11
2023_2030_2023_cba,0.35,2023,47607350,2023-24,12
2023_2030_2023_cba,0.35,2023,47607350,2023-24,13
2023_2030_2023_cba,0.35,2023,47607350,2023-24,14
2023_2030_2023_cba,0.35,2023,47607350,2023-24,15
2023_2030_2023_cba,0.35,2023,47607350,2023-24,16
2023_2030_2023_cba,0.35,2023,47607350,2023-24,17
2023_2030_2023_cba,0.35,2023,47607350,2023-24,18
2023_2030_2023_cba,0.35,2023,47607350,2023-24,19
2023_2030_2023_cba,0.35,2023,47607350,2023-24,20
2023_2030_2023_cba,0.35,2023,47607350,2023-24,21
2023_2030_2023_cba,0.35,2023,47607350,2023-24,22
2023_2030_2023_cba,0.35,2023,47607350,2023-24,23
2023_2030_2023_cba,0.35,2023,47607350,2023-24,24
2023_2030_2023_cba,0.35,2023,47607350,2023-24,25
2023_2030_2023_cba,0.25,2024,35147000,2024-25,0
2023_2030_2023_cba,0.25,2024,35147000,2024-25,1
2023_2030_2023_cba,0.25,2024,35147000,2024-25,2
2023_2030_2023_cba,0.25,2024,35147000,2024-25,3
2023_2030_2023_cba,0.25,2024,35147000,2024-25,4
2023_2030_2023_cba,0.25,2024,35147000,2024-25,5
2023_2030_2023_cba,0.25,2024,35147000,2024-25,6
2023_2030_2023_cba,0.3,2024,42176400,2024-25,7
2023_2030_2023_cba,0.3,2024,42176400,2024-25,8
2023_2030_2023_cba,0.3,2024,42176400,2024-25,9
2023_2030_2023_cba,0.35,2024,49205800,2024-25,10
2023_2030_2023_cba,0.35,2024,49205800,2024-25,11
2023_2030_2023_cba,0.35,2024,49205800,2024-25,12
2023_2030_2023_cba,0.35,2024,49205800,2024-25,13
2023_2030_2023_cba,0.35,2024,49205800,2024-25,14
2023_2030_2023_cba,0.35,2024,49205800,2024-25,15
2023_2030_2023_cba,0.35,2024,49205800,2024-25,16
2023_2030_2023_cba,0.35,2024,49205800,2024-25,17
2023_2030_2023_cba,0.35,2024,49205800,2024-25,18
2023_2030_2023_cba,0.35,2024,49205800,2024-25,19
2023_2030_2023_cba,0.35,2024,49205800,2024-25,20
2023_2030_2023_cba,0.35,2024,49205800,2024-25,21
2023_2030_2023_cba,0.35,2024,49205800,2024-25,22
2023_2030_2023_cba,0.35,2024,49205800,2024-25,23
2023_2030_2023_cba,0.35,2024,49205800,2024-25,24
2023_2030_2023_cba,0.35,2024,49205800,2024-25,25
2023_2030_2023_cba,0.25,2025,38661750,2025-26,0
2023_2030_2023_cba,0.25,2025,38661750,2025-26,1
2023_2030_2023_cba,0.25,2025,38661750,2025-26,2
2023_2030_2023_cba,0.25,2025,38661750,2025-26,3
2023_2030_2023_cba,0.25,2025,38661750,2025-26,4
2023_2030_2023_cba,0.25,2025,38661750,2025-26,5
2023_2030_2023_cba,0.25,2025,38661750,2025-26,6
2023_2030_2023_cba,0.3,2025,46394100,2025-26,7
2023_2030_2023_cba,0.3,2025,46394100,2025-26,8
2023_2030_2023_cba,0.3,2025,46394100,2025-26,9
2023_2030_2023_cba,0.35,2025,54126450,2025-26,10
2023_2030_2023_cba,0.35,2025,54126450,2025-26,11
2023_2030_2023_cba,0.35,2025,54126450,2025-26,12
2023_2030_2023_cba,0.35,2025,54126450,2025-26,13
2023_2030_2023_cba,0.35,2025,54126450,2025-26,14
2023_2030_2023_cba,0.35,2025,54126450,2025-26,15
2023_2030_2023_cba,0.35,2025,54126450,2025-26,16
2023_2030_2023_cba,0.35,2025,54126450,2025-26,17
2023_2030_2023_cba,0.35,2025,54126450,2025-26,18
2023_2030_2023_cba,0.35,2025,54126450,2025-26,19
2023_2030_2023_cba,0.35,2025,54126450,2025-26,20
2023_2030_2023_cba,0.35,2025,54126450,2025-26,21
2023_2030_2023_cba,0.35,2025,54126450,2025-26,22
2023_2030_2023_cba,0.35,2025,54126450,2025-26,23
2023_2030_2023_cba,0.35,2025,54126450,2025-26,24
2023_2030_2023_cba,0.35,2025,54126450,2025-26,25
2023_2030_2023_cba,0.25,2026,41368000,2026-27,0
2023_2030_2023_cba,0.25,2026,41368000,2026-27,1
2023_2030_2023_cba,0.25,2026,41368000,2026-27,2
2023_2030_2023_cba,0.25,2026,41368000,2026-27,3
2023_2030_2023_cba,0.25,2026,41368000,2026-27,4
2023_2030_2023_cba,0.25,2026,41368000,2026-27,5
2023_2030_2023_cba,0.25,2026,41368000,2026-27,6
2023_2030_2023_cba,0.3,2026,49641600,2026-27,7
2023_2030_2023_cba,0.3,2026,49641600,2026-27,8
2023_2030_2023_cba,0.3,2026,49641600,2026-27,9
2023_2030_2023_cba,0.35,2026,57915200,2026-27,10
2023_2030_2023_cba,0.35,2026,57915200,2026-27,11
2023_2030_2023_cba,0.35,2026,57915200,2026-27,12
2023_2030_2023_cba,0.35,2026,57915200,2026-27,13
2023_2030_2023_cba,0.35,2026,57915200,2026-27,14
2023_2030_2023_cba,0.35,2026,57915200,2026-27,15
2023_2030_2023_cba,0.35,2026,57915200,2026-27,16
2023_2030_2023_cba,0.35,2026,57915200,2026-27,17
2023_2030_2023_cba,0.35,2026,57915200,2026-27,18
2023_2030_2023_cba,0.35,2026,57915200,2026-27,19
2023_2030_2023_cba,0.35,2026,57915200,2026-27,20
2023_2030_2023_cba,0.35,2026,57915200,2026-27,21
2023_2030_2023_cba,0.35,2026,57915200,2026-27,22
2023_2030_2023_cba,0.35,2026,57915200,2026-27,23
2023_2030_2023_cba,0.35,2026,57915200,2026-27,24
2023_2030_2023_cba,0.35,2026,57915200,2026-27,25
2023_2030_2023_cba,0.25,2027,45504750,2027-28,0
2023_2030_2023_cba,0.25,2027,45504750,2027-28,1
2023_2030_2023_cba,0.25,2027,45504750,2027-28,2
2023_2030_2023_cba,0.25,2027,45504750,2027-28,3
2023_2030_2023_cba,0.25,2027,45504750,2027-28,4
2023_2030_2023_cba,0.25,2027,45504750,2027-28,5
2023_2030_2023_cba,0.25,2027,45504750,2027-28,6
2023_2030_2023_cba,0.3,2027,54605700,2027-28,7
2023_2030_2023_cba,0.3,2027,54605700,2027-28,8
2023_2030_2023_cba,0.3,2027,54605700,2027-28,9
2023_2030_2023_cba,0.35,2027,63706650,2027-28,10
2023_2030_2023_cba,0.35,2027,63706650,2027-28,11
2023_2030_2023_cba,0.35,2027,63706650,2027-28,12
2023_2030_2023_cba,0.35,2027,63706650,2027-28,13
2023_2030_2023_cba,0.35,2027,63706650,2027-28,14
2023_2030_2023_cba,0.35,2027,63706650,2027-28,15
2023_2030_2023_cba,0.35,2027,63706650,2027-28,16
2023_2030_2023_cba,0.35,2027,63706650,2027-28,17
2023_2030_2023_cba,0.35,2027,63706650,2027-28,18
2023_2030_2023_cba,0.35,2027,63706650,2027-28,19
2023_2030_2023_cba,0.35,2027,63706650,2027-28,20
2023_2030_2023_cba,0.35,2027,63706650,2027-28,21
2023_2030_2023_cba,0.35,2027,63706650,2027-28,22
2023_2030_2023_cba,0.35,2027,63706650,2027-28,23
2023_2030_2023_cba,0.35,2027,63706650,2027-28,24
2023_2030_2023_cba,0.35,2027,63706650,2027-28,25
2023_2030_2023_cba,0.25,2028,47780000,2028-29,0
2023_2030_2023_cba,0.25,2028,47780000,2028-29,1
2023_2030_2023_cba,0.25,2028,47780000,2028-29,2
2023_2030_2023_cba,0.25,2028,47780000,2028-29,3
2023_2030_2023_cba,0.25,2028,47780000,2028-29,4
2023_2030_2023_cba,0.25,2028,47780000,2028-29,5
2023_2030_2023_cba,0.25,2028,47780000,2028-29,6
2023_2030_2023_cba,0.3,2028,57336000,2028-29,7
2023_2030_2023_cba,0.3,2028,57336000,2028-29,8
2023_2030_2023_cba,0.3,2028,57336000,2028-29,9
2023_2030_2023_cba,0.35,2028,66892000,2028-29,10
2023_2030_2023_cba,0.35,2028,66892000,2028-29,11
2023_2030_2023_cba,0.35,2028,66892000,2028-29,12
2023_2030_2023_cba,0.35,2028,66892000,2028-29,13
2023_2030_2023_cba,0.35,2028,66892000,2028-29,14
2023_2030_2023_cba,0.35,2028,66892000,2028-29,15
2023_2030_2023_cba,0.35,2028,66892000,2028-29,16
2023_2030_2023_cba,0.35,2028,66892000,2028-29,17
2023_2030_2023_cba,0.35,2028,66892000,2028-29,18
2023_2030_2023_cba,0.35,2028,66892000,2028-29,19
2023_2030_2023_cba,0.35,2028,66892000,2028-29,20
2023_2030_2023_cba,0.35,2028,66892000,2028-29,21
2023_2030_2023_cba,0.35,2028,66892000,2028-29,22
2023_2030_2023_cba,0.35,2028,66892000,2028-29,23
2023_2030_2023_cba,0.35,2028,66892000,2028-29,24
2023_2030_2023_cba,0.35,2028,66892000,2028-29,25
2023_2030_2023_cba,0.25,2029,50169000,2029-30,0
2023_2030_2023_cba,0.25,2029,50169000,2029-30,1
2023_2030_2023_cba,0.25,2029,50169000,2029-30,2
2023_2030_2023_cba,0.25,2029,50169000,2029-30,3
2023_2030_2023_cba,0.25,2029,50169000,2029-30,4
2023_2030_2023_cba,0.25,2029,50169000,2029-30,5
2023_2030_2023_cba,0.25,2029,50169000,2029-30,6
2023_2030_2023_cba,0.3,2029,60202800,2029-30,7
2023_2030_2023_cba,0.3,2029,60202800,2029-30,8
2023_2030_2023_cba,0.3,2029,60202800,2029-30,9
2023_2030_2023_cba,0.35,2029,70236600,2029-30,10
2023_2030_2023_cba,0.35,2029,70236600,2029-30,11
2023_2030_2023_cba,0.35,2029,70236600,2029-30,12
2023_2030_2023_cba,0.35,2029,70236600,2029-30,13
2023_2030_2023_cba,0.35,2029,70236600,2029-30,14
2023_2030_2023_cba,0.35,2029,70236600,2029-30,15
2023_2030_2023_cba,0.35,2029,70236600,2029-30,16
2023_2030_2023_cba,0.35,2029,70236600,2029-30,17
2023_2030_2023_cba,0.35,2029,70236600,2029-30,18
2023_2030_2023_cba,0.35,2029,70236600,2029-30,19
2023_2030_2023_cba,0.35,2029,70236600,2029-30,20
2023_2030_2023_cba,0.35,2029,70236600,2029-30,21
2023_2030_2023_cba,0.35,2029,70236600,2029-30,22
2023_2030_2023_cba,0.35,2029,70236600,2029-30,23
2023_2030_2023_cba,0.35,2029,70236600,2029-30,24
2023_2030_2023_cba,0.35,2029,70236600,2029-30,25
2023_2030_2023_cba,0.25,2030,52677500,2030-31,0
2023_2030_2023_cba,0.25,2030,52677500,2030-31,1
2023_2030_2023_cba,0.25,2030,52677500,2030-31,2
2023_2030_2023_cba,0.25,2030,52677500,2030-31,3
2023_2030_2023_cba,0.25,2030,52677500,2030-31,4
2023_2030_2023_cba,0.25,2030,52677500,2030-31,5
2023_2030_2023_cba,0.25,2030,52677500,2030-31,6
2023_2030_2023_cba,0.3,2030,63213000,2030-31,7
2023_2030_2023_cba,0.3,2030,63213000,2030-31,8
2023_2030_2023_cba,0.3,2030,63213000,2030-31,9
2023_2030_2023_cba,0.35,2030,73748500,2030-31,10
2023_2030_2023_cba,0.35,2030,73748500,2030-31,11
2023_2030_2023_cba,0.35,2030,73748500,2030-31,12
2023_2030_2023_cba,0.35,2030,73748500,2030-31,13
2023_2030_2023_cba,0.35,2030,73748500,2030-31,14
2023_2030_2023_cba,0.35,2030,73748500,2030-31,15
2023_2030_2023_cba,0.35,2030,73748500,2030-31,16
2023_2030_2023_cba,0.35,2030,73748500,2030-31,17
2023_2030_2023_cba,0.35,2030,73748500,2030-31,18
2023_2030_2023_cba,0.35,2030,73748500,2030-31,19
2023_2030_2023_cba,0.35,2030,73748500,2030-31,20
2023_2030_2023_cba,0.35,2030,73748500,2030-31,21
2023_2030_2023_cba,0.35,2030,73748500,2030-31,22
2023_2030_2023_cba,0.35,2030,73748500,2030-31,23
2023_2030_2023_cba,0.35,2030,73748500,2030-31,24
2023_2030_2023_cba,0.35,2030,73748500,2030-31,25
